Id,Board_symbol,Factor,Move_value,Update
1,100000000,0,1,true
2,120000000,-499,2,true
3,121000000,-18,1,true
4,121200000,-6,2,true
5,121210000,500,1,true
6,121212000,-500,2,true
7,121212100,120,1,true
8,010000000,0,1,true
9,010000020,-500,2,true
10,120000010,500,1,true
11,120002010,-81,2,true
12,121200010,84,1,true
13,121220010,500,2,true
14,110022121,-500,1,true
15,112022121,-500,2,true
16,112122121,500,1,true
17,000010000,0,1,true
18,200010000,500,2,true
19,102010000,500,1,true
20,102210000,-360,2,true
21,120011200,500,1,true
22,122011200,-500,2,true
23,122011210,500,1,true
24,122011212,-500,2,true
25,122111212,500,1,true
26,100002000,-500,2,true
27,100102000,500,1,true
28,102102000,-500,2,true
29,112102000,-500,1,true
30,112102200,200,2,true
31,112112200,-500,1,true
32,112112202,600,2,true
33,010002000,-499,2,true
34,110002000,-190,1,true
35,110002002,-345,2,true
36,102002110,-20,1,true
37,122002110,-100,2,true
38,122012110,-210,1,true
39,122212110,-500,2,true
40,122212111,500,1,true
41,020010000,-500,2,true
42,010010020,490,1,true
43,010012020,-500,2,true
44,120012010,464,1,true
45,120012210,-490,2,true
46,112211020,500,1,true
47,112211022,500,2,true
48,122211112,500,1,true
49,010200000,-499,2,true
50,120100000,500,1,true
51,110202000,-500,2,true
52,111202000,240,1,true
53,010012000,500,1,true
54,200012010,-500,2,true
55,120110002,500,1,true
56,122110002,-500,2,true
57,122110012,-500,1,true
58,112211202,-500,2,true
59,102000000,-499,2,true
60,102100000,500,1,true
61,102120000,-500,2,true
62,102121000,-500,1,true
63,102121002,-50,2,true
64,102121012,-500,1,true
65,122121012,-500,2,true
66,111122212,500,1,true
67,100020000,510,2,true
68,100020001,-402,1,true
69,102020001,-312,2,true
70,102120001,-260,1,true
71,102122001,-500,2,true
72,102122011,-500,1,true
73,112021221,600,2,true
74,100000002,-492,2,true
75,100001002,122,1,true
76,100002012,-36,2,true
77,122001100,184,1,true
78,122021100,-500,2,true
79,122121100,500,1,true
80,200001000,-500,2,true
81,102000010,-24,1,true
82,120001200,-345,2,true
83,102201010,4,1,true
84,102221010,500,2,true
85,112221010,-500,1,true
86,122121210,600,2,true
87,010210000,500,1,true
88,010212000,-500,2,true
89,120011020,500,1,true
90,102212010,-500,2,true
91,112212010,500,1,true
92,010020000,497,2,true
93,110020000,298,1,true
94,100122000,-500,2,true
95,120020011,500,1,true
96,120022011,-265,2,true
97,120022111,500,1,true
98,210010000,500,1,true
99,220110000,-500,2,true
100,122011000,500,1,true
101,122011020,-500,2,true
102,112212001,500,1,true
103,101000002,500,1,true
104,102000102,-500,2,true
105,102001102,232,1,true
106,122001102,-25,2,true
107,122011102,500,1,true
108,122011122,-500,2,true
109,122111122,500,1,true
110,100010002,500,1,true
111,120010002,-494,2,true
112,120010012,500,1,true
113,122010012,510,2,true
114,122010112,-500,1,true
115,122012112,600,2,true
116,101002000,500,1,true
117,101002200,-500,2,true
118,101102200,244,1,true
119,112002120,-100,2,true
120,112012120,-500,1,true
121,121112220,-500,2,true
122,121112221,500,1,true
123,100021000,500,1,true
124,102021000,497,2,true
125,112021000,-500,1,true
126,112021002,500,2,true
127,102021112,500,1,true
128,122021112,-500,2,true
129,122121112,500,1,true
130,210000000,-367,2,true
131,200101000,90,1,true
132,202101000,-177,2,true
133,112000012,-396,1,true
134,112002012,150,2,true
135,110000002,-178,1,true
136,112000002,515,2,true
137,112000102,-12,1,true
138,112002102,100,2,true
139,010001020,132,1,true
140,210102000,-264,2,true
141,120001012,116,1,true
142,122001012,-210,2,true
143,122001112,120,1,true
144,122201112,112,2,true
145,101020000,486,1,true
146,101020002,-500,2,true
147,111020002,500,1,true
148,120010000,500,1,true
149,120012000,-497,2,true
150,101012020,500,1,true
151,101012022,-500,2,true
152,110012122,-360,1,true
153,112012122,600,2,true
154,100012000,500,1,true
155,100212000,-500,2,true
156,101212000,500,1,true
157,101212002,-500,2,true
158,101212012,500,1,true
159,121212012,-500,2,true
160,200011000,500,1,true
161,202010010,-500,2,true
162,102110002,-500,1,true
163,102112002,600,2,true
164,010020010,-500,1,true
165,200121000,315,2,true
166,112020010,-500,1,true
167,112020012,600,2,true
168,112120012,-500,1,true
169,112122012,600,2,true
170,102000100,500,1,true
171,121000200,-315,2,true
172,121000210,160,1,true
173,122201100,-115,2,true
174,122211100,402,1,true
175,122211102,500,2,true
176,120010020,-485,2,true
177,120010021,500,1,true
178,120000001,456,1,true
179,120200001,-150,2,true
180,121200001,140,1,true
181,121220001,-25,2,true
182,121221001,500,1,true
183,010201000,500,1,true
184,010221000,-294,2,true
185,010221010,-500,1,true
186,220121010,600,2,true
187,110122012,-500,1,true
188,112121022,-500,2,true
189,100002010,132,1,true
190,120001020,-285,2,true
191,110202010,-60,1,true
192,110202012,-25,2,true
193,111202012,90,1,true
194,210000010,92,1,true
195,210002010,-162,2,true
196,120101002,64,1,true
197,122101002,-200,2,true
198,122101012,500,1,true
199,122101212,-500,2,true
200,200001010,40,1,true
201,200021010,-485,2,true
202,110120002,480,1,true
203,112120002,-475,2,true
204,111021202,500,1,true
205,120010200,-500,2,true
206,102211000,500,1,true
207,122211000,-500,2,true
208,121012012,500,1,true
209,121012212,500,2,true
210,121112212,500,1,true
211,120001000,500,1,true
212,122001000,-408,2,true
213,122001001,-480,1,true
214,122201001,-400,2,true
215,122211001,500,1,true
216,100012002,-500,2,true
217,101012002,500,1,true
218,101012202,-500,2,true
219,111012202,500,1,true
220,102001002,-72,2,true
221,102001012,112,1,true
222,102021012,500,2,true
223,112021102,500,1,true
224,112221102,500,2,true
225,121121212,500,1,true
226,102012000,-500,2,true
227,102112000,-500,1,true
228,102112020,-500,2,true
229,112112020,-500,1,true
230,112112220,-175,2,true
231,112112221,500,1,true
232,122000100,-432,2,true
233,122010100,20,1,true
234,122012100,-500,2,true
235,122112100,500,1,true
236,220010010,506,2,true
237,100112002,-500,1,true
238,112010022,600,2,true
239,112011022,-500,1,true
240,112011222,600,2,true
241,100002100,500,1,true
242,100022100,-500,2,true
243,110022100,-220,1,true
244,112022100,0,2,true
245,112122100,450,1,true
246,112000000,-370,1,true
247,112002000,600,2,true
248,101001022,-500,1,true
249,121001022,375,2,true
250,121101022,-300,1,true
251,112202112,385,2,true
252,120021000,500,2,true
253,110022001,-500,1,true
254,110022021,-500,2,true
255,110122021,500,1,true
256,112122021,-500,2,true
257,210001000,4,1,true
258,202001010,105,2,true
259,110001202,-260,1,true
260,112001202,225,2,true
261,112001212,-150,1,true
262,112021212,600,2,true
263,102010002,500,2,true
264,112010002,-500,1,true
265,112012002,600,2,true
266,010200010,-276,1,true
267,220101000,-45,2,true
268,122101000,220,1,true
269,122101200,-150,2,true
270,112002211,-60,1,true
271,112022211,385,2,true
272,010210020,-497,2,true
273,120112000,500,1,true
274,120112200,-495,2,true
275,121211002,500,1,true
276,121211022,-500,2,true
277,121212211,500,1,true
278,102001000,490,1,true
279,102001020,-375,2,true
280,102001021,-76,1,true
281,102021021,600,2,true
282,112021021,-500,1,true
283,112221021,500,2,true
284,121221112,500,1,true
285,200101002,45,2,true
286,112000210,0,1,true
287,112002210,-25,2,true
288,112102210,-240,1,true
289,112122210,600,2,true
290,210100000,10,1,true
291,210120000,500,2,true
292,100021012,468,1,true
293,120021012,500,2,true
294,121021012,500,1,true
295,121221012,500,2,true
296,200112000,500,2,true
297,210011020,488,1,true
298,220112010,500,2,true
299,120112012,-500,1,true
300,122112012,600,2,true
301,220011010,-500,1,true
302,220211010,600,2,true
303,122112010,-500,1,true
304,122112210,-500,2,true
305,122112211,500,1,true
306,100002001,112,1,true
307,102002001,-405,2,true
308,102102001,80,1,true
309,102102201,-25,2,true
310,112102201,-30,1,true
311,112122201,600,2,true
312,010002010,-48,1,true
313,010202010,-60,2,true
314,120101020,-80,1,true
315,122101020,-125,2,true
316,122111020,500,1,true
317,220011000,-500,2,true
318,122110000,500,1,true
319,122110020,-500,2,true
320,102212011,500,1,true
321,110002200,-500,2,true
322,111200002,500,1,true
323,010022010,492,2,true
324,010122010,-176,1,true
325,210122010,205,2,true
326,112121020,-500,1,true
327,212100000,-30,2,true
328,212100010,-40,1,true
329,202101012,0,2,true
330,202111012,500,1,true
331,210012000,-479,2,true
332,210112000,500,1,true
333,212110020,-495,2,true
334,212111020,500,1,true
335,210010002,-500,2,true
336,102011200,500,1,true
337,102011202,-500,2,true
338,112011202,-500,1,true
339,102201000,-165,2,true
340,112000021,4,1,true
341,112020021,525,2,true
342,112120021,-500,1,true
343,100012012,-500,1,true
344,102011022,-490,2,true
345,102111022,500,1,true
346,202011000,-500,2,true
347,202011010,-500,1,true
348,222011010,600,2,true
349,102010102,-500,1,true
350,102012102,600,2,true
351,210001002,-60,2,true
352,112100200,-120,1,true
353,112100202,50,2,true
354,112101202,-210,1,true
355,112121202,600,2,true
356,120000102,-497,2,true
357,120010102,500,1,true
358,120012102,-475,2,true
359,122210101,500,1,true
360,120210000,-500,2,true
361,100012021,500,1,true
362,010021000,418,1,true
363,210021000,500,2,true
364,210021010,-500,1,true
365,202121010,175,2,true
366,212121010,-500,1,true
367,212121210,175,2,true
368,120120000,-500,2,true
369,111220000,500,1,true
370,100012200,-500,2,true
371,102210001,500,1,true
372,110002020,-500,2,true
373,120002110,40,1,true
374,120022110,-500,2,true
375,121220011,-300,1,true
376,121222011,600,2,true
377,010220010,600,2,true
378,120121000,-500,1,true
379,122121000,-275,2,true
380,112022011,-500,1,true
381,112222011,600,2,true
382,112200000,-497,2,true
383,112210000,500,1,true
384,112210002,-495,2,true
385,112211002,500,1,true
386,122010000,-500,2,true
387,122010010,500,1,true
388,122012010,-500,2,true
389,122112001,500,1,true
390,200011002,-500,2,true
391,210010012,500,1,true
392,102002100,-500,2,true
393,102102100,500,1,true
394,210001020,57,2,true
395,110201002,428,1,true
396,122100012,-500,2,true
397,111201202,500,1,true
398,121010002,-92,1,true
399,121010202,500,2,true
400,102211102,500,1,true
401,102010200,-500,2,true
402,112010200,500,1,true
403,102112200,-500,2,true
404,112011220,-500,1,true
405,102000001,500,1,true
406,100002201,-357,2,true
407,100012201,500,1,true
408,102001200,-345,2,true
409,102001210,-20,1,true
410,102021210,600,2,true
411,100002102,-485,2,true
412,100012102,-500,1,true
413,121010022,-450,2,true
414,121011022,-500,1,true
415,121011222,600,2,true
416,100012020,-500,2,true
417,110012020,500,1,true
418,110012022,-500,2,true
419,110112022,-500,1,true
420,112112022,600,2,true
421,100021002,479,2,true
422,110021002,500,1,true
423,110021202,-500,2,true
424,122100000,-500,2,true
425,102002011,440,1,true
426,102202011,-125,2,true
427,121001221,210,1,true
428,112000020,21,2,true
429,101201002,500,1,true
430,122000112,-315,2,true
431,102011020,500,1,true
432,102012210,-500,2,true
433,112012210,500,1,true
434,120102000,-497,2,true
435,120102010,500,1,true
436,112201020,45,2,true
437,121201012,60,1,true
438,102010201,500,1,true
439,210020010,300,2,true
440,210121000,-500,1,true
441,210021012,600,2,true
442,100022010,500,2,true
443,101022010,-500,1,true
444,121022010,500,2,true
445,121022110,-90,1,true
446,121222110,420,2,true
447,120100002,-500,2,true
448,121001200,-104,1,true
449,121001220,25,2,true
450,112202110,-180,1,true
451,112222110,600,2,true
452,101012200,500,1,true
453,122010120,-500,2,true
454,122011120,500,1,true
455,121212210,-500,2,true
456,102101002,200,1,true
457,102101202,-100,2,true
458,102111202,500,1,true
459,212010000,-494,2,true
460,212110000,500,1,true
461,202011012,-500,2,true
462,212011012,500,1,true
463,120011002,500,1,true
464,120011022,-500,2,true
465,120111022,500,1,true
466,120001002,-156,2,true
467,121001002,-112,1,true
468,121021002,500,2,true
469,101022211,-500,1,true
470,121022211,500,2,true
471,121122211,500,1,true
472,102012001,500,1,true
473,120211000,500,1,true
474,120212010,-500,2,true
475,121212010,500,1,true
476,120020010,-497,2,true
477,101221000,500,1,true
478,122020110,-500,2,true
479,122021110,500,1,true
480,122221110,-500,2,true
481,122221111,500,1,true
482,122000010,-500,2,true
483,122000110,208,1,true
484,121201200,-40,2,true
485,122201110,162,1,true
486,121012002,-480,2,true
487,121112002,500,1,true
488,121112022,-500,2,true
489,122112121,500,1,true
490,210110002,140,1,true
491,210112002,-500,2,true
492,210112012,500,1,true
493,102101020,80,1,true
494,102121020,-150,2,true
495,120121201,-330,1,true
496,122121201,210,2,true
497,110020002,-500,2,true
498,101021200,500,1,true
499,102022110,-500,2,true
500,111021220,500,1,true
501,112010020,-500,1,true
502,112012020,-500,2,true
503,112012021,500,1,true
504,212010010,500,1,true
505,220111000,500,1,true
506,212001000,-18,2,true
507,112001002,-104,1,true
508,112001022,75,2,true
509,112101022,0,1,true
510,112102212,175,2,true
511,210201000,227,2,true
512,110001022,-340,1,true
513,110021022,-500,2,true
514,101122012,500,1,true
515,121122012,-500,2,true
516,121122112,500,1,true
517,010201020,-162,2,true
518,120201010,84,1,true
519,122201010,-125,2,true
520,122211010,500,1,true
521,122211012,500,2,true
522,100102002,-483,2,true
523,110102002,-120,1,true
524,112102002,600,2,true
525,102002010,60,2,true
526,110002102,40,1,true
527,110022102,-250,2,true
528,110122102,360,1,true
529,112010202,-450,2,true
530,112110202,-330,1,true
531,100022001,515,2,true
532,100022101,-500,1,true
533,121020021,600,2,true
534,102000012,291,2,true
535,102010012,-500,1,true
536,120011202,-495,2,true
537,120111202,500,1,true
538,210011002,480,1,true
539,210211002,-500,2,true
540,220111012,500,1,true
541,121012000,500,1,true
542,121012020,-500,2,true
543,121012021,500,1,true
544,212011000,500,1,true
545,212011002,-500,2,true
546,102011212,500,1,true
547,110012002,-500,1,true
548,110212002,-500,2,true
549,121110022,-500,1,true
550,112212102,600,2,true
551,120020001,500,2,true
552,120120001,-500,1,true
553,122120001,50,2,true
554,122121001,-500,1,true
555,122121021,600,2,true
556,210101002,40,1,true
557,212101002,-25,2,true
558,212101012,0,1,true
559,212101212,-105,2,true
560,212111212,120,1,true
561,101002002,-500,2,true
562,102002101,500,1,true
563,122002101,-500,2,true
564,122102101,450,1,true
565,122010211,500,1,true
566,010112020,-308,1,true
567,210112020,500,2,true
568,120211012,500,1,true
569,210211000,-500,1,true
570,210011022,-475,2,true
571,202111000,500,1,true
572,122112000,-500,2,true
573,111012022,500,1,true
574,120012100,500,1,true
575,120212100,-500,2,true
576,120212101,500,1,true
577,120012012,500,2,true
578,120012112,-500,1,true
579,121212112,500,1,true
580,110102200,-140,1,true
581,110102202,0,2,true
582,110112202,-500,1,true
583,212000010,-75,2,true
584,212001010,20,1,true
585,212021010,250,2,true
586,112121002,-500,1,true
587,120112021,500,1,true
588,102011002,500,1,true
589,122011002,-475,2,true
590,102011122,500,1,true
591,112020000,500,2,true
592,101021002,468,1,true
593,101021022,-500,2,true
594,101022112,-500,1,true
595,121022112,-500,2,true
596,121000002,-500,2,true
597,121100002,172,1,true
598,121102002,-85,2,true
599,111002221,390,1,true
600,102020010,-500,2,true
601,101120002,448,1,true
602,112020102,-30,2,true
603,112120102,210,1,true
604,121002000,-500,2,true
605,121002001,-40,1,true
606,121202001,-75,2,true
607,121202101,0,1,true
608,121222101,105,2,true
609,112001020,-56,1,true
610,112021020,500,2,true
611,120021112,500,1,true
612,210012010,500,1,true
613,112000200,-485,2,true
614,112001200,-200,1,true
615,112001220,150,2,true
616,112201201,-180,1,true
617,112221201,600,2,true
618,110022000,-500,2,true
619,120021001,-500,1,true
620,120221001,-500,2,true
621,120221011,500,1,true
622,122221011,-500,2,true
623,120211002,500,2,true
624,121112200,500,1,true
625,121112202,500,2,true
626,102012120,-500,2,true
627,102012121,500,1,true
628,102020100,-494,2,true
629,102020101,500,1,true
630,101022201,-485,2,true
631,112020121,500,1,true
632,121122201,500,2,true
633,110012200,500,1,true
634,112012200,-500,2,true
635,122011201,500,1,true
636,102012010,-500,1,true
637,102012012,600,2,true
638,120000012,-243,2,true
639,121000012,144,1,true
640,121200012,0,2,true
641,121210012,500,1,true
642,112002010,-500,1,true
643,112202010,-50,2,true
644,122101021,0,1,true
645,122101221,-70,2,true
646,122111221,80,1,true
647,120201000,-491,2,true
648,121201000,124,1,true
649,121201002,20,2,true
650,121201102,48,1,true
651,121221102,500,2,true
652,120012120,-500,2,true
653,111212020,500,1,true
654,121012210,500,1,true
655,122210010,-485,2,true
656,122210011,500,1,true
657,121120000,-500,1,true
658,121120002,-285,2,true
659,111022201,500,1,true
660,010211020,-364,1,true
661,111000022,500,1,true
662,120011212,500,1,true
663,122000101,480,1,true
664,122200101,-500,2,true
665,121201201,270,1,true
666,110212000,500,1,true
667,112212000,-500,2,true
668,112212100,-480,1,true
669,122211121,500,1,true
670,102010020,-363,2,true
671,120010201,140,1,true
672,102100002,-500,2,true
673,112100002,-360,1,true
674,101001202,-356,1,true
675,121001202,315,2,true
676,121011202,-500,1,true
677,121211202,500,2,true
678,102102010,-320,1,true
679,122102010,-500,2,true
680,122102110,450,1,true
681,110020012,-260,1,true
682,110022012,275,2,true
683,112022110,-500,1,true
684,112022112,600,2,true
685,120112002,-495,2,true
686,111012220,500,1,true
687,122012101,500,1,true
688,102201001,272,1,true
689,102221001,500,2,true
690,102221101,500,1,true
691,122221101,-500,2,true
692,120112201,500,1,true
693,111000202,500,1,true
694,220101010,-320,1,true
695,222101010,150,2,true
696,110022010,-500,1,true
697,110022210,25,2,true
698,112220011,-240,1,true
699,220001010,-360,2,true
700,122100010,500,1,true
701,112201200,-500,2,true
702,112211200,500,1,true
703,120021010,500,1,true
704,120221010,-490,2,true
705,121221010,500,1,true
706,122011012,500,1,true
707,112210012,500,1,true
708,112020001,-500,1,true
709,112022001,250,2,true
710,112122001,-480,1,true
711,010021020,-189,2,true
712,110021020,500,1,true
713,120122010,-495,2,true
714,120122011,500,1,true
715,122122011,-500,2,true
716,122122111,500,1,true
717,120001102,112,1,true
718,120021102,-500,2,true
719,121021102,-500,1,true
720,121021122,600,2,true
721,120020101,-420,1,true
722,120022101,-225,2,true
723,120122101,500,1,true
724,121210002,-480,2,true
725,121210102,270,1,true
726,101112202,-500,1,true
727,122110200,-500,2,true
728,122111200,500,1,true
729,110021200,-500,1,true
730,122120010,-500,2,true
731,122121010,-500,1,true
732,102211002,500,2,true
733,121010212,500,1,true
734,110221000,500,1,true
735,110221002,-495,2,true
736,111221002,500,1,true
737,121002010,156,1,true
738,121002012,-80,2,true
739,112002121,270,1,true
740,121102221,-420,2,true
741,121012102,500,1,true
742,122010001,500,1,true
743,121100020,-60,1,true
744,121100022,-75,2,true
745,111202201,390,1,true
746,112201000,48,1,true
747,112201002,25,2,true
748,121001212,48,1,true
749,121021212,500,2,true
750,112221112,500,1,true
751,101021020,-500,1,true
752,121021020,600,2,true
753,102012211,500,1,true
754,121100200,-20,1,true
755,121120200,190,2,true
756,121121200,-500,1,true
757,121121202,196,2,true
758,112002100,-20,1,true
759,112202100,75,2,true
760,112202101,-90,1,true
761,112222101,600,2,true
762,122111002,500,1,true
763,102010021,500,1,true
764,202112010,-250,2,true
765,212112010,500,1,true
766,112200010,68,1,true
767,112200012,-40,2,true
768,121101202,-132,1,true
769,110122000,500,1,true
770,112122000,-500,2,true
771,112122010,-500,1,true
772,111022000,500,1,true
773,212211000,-500,2,true
774,212211010,500,1,true
775,120012001,500,1,true
776,110002012,0,1,true
777,110002212,-75,2,true
778,111002212,150,1,true
779,100022011,-500,1,true
780,102022011,-100,2,true
781,102022111,500,1,true
782,111002200,500,1,true
783,101002020,-500,2,true
784,101002021,140,1,true
785,102002121,-500,2,true
786,102020011,-500,1,true
787,102021201,600,2,true
788,120101200,-20,1,true
789,120121200,250,2,true
790,102121021,-500,1,true
791,210102010,36,1,true
792,212101020,10,2,true
793,112201012,30,1,true
794,112221012,500,2,true
795,111212002,500,1,true
796,110102020,180,1,true
797,110122020,-500,2,true
798,111122020,500,1,true
799,102021001,-500,1,true
800,122021001,600,2,true
801,122021101,-500,1,true
802,122021121,600,2,true
803,102021100,500,1,true
804,121020210,495,2,true
805,121021210,500,1,true
806,121020001,-500,1,true
807,121020201,-500,2,true
808,121021201,500,1,true
809,122001010,500,1,true
810,122021010,-500,2,true
811,122021011,-500,1,true
812,122021211,600,2,true
813,102021010,-500,1,true
814,121100202,175,2,true
815,112201102,72,1,true
816,121102212,175,2,true
817,212011020,-495,2,true
818,102211012,500,1,true
819,110122002,-500,2,true
820,111122002,500,1,true
821,010212010,500,1,true
822,200001012,45,2,true
823,210001012,-60,1,true
824,212101200,0,2,true
825,212111200,30,1,true
826,100202001,-150,2,true
827,120001021,-20,1,true
828,120202011,-350,2,true
829,121202011,30,1,true
830,121202211,-500,2,true
831,122010102,-500,2,true
832,122110102,500,1,true
833,112012000,-500,1,true
834,122110021,500,1,true
835,120112020,-500,2,true
836,121211020,500,1,true
837,122001210,-275,2,true
838,122001211,-150,1,true
839,122201211,-455,2,true
840,122211211,500,1,true
841,101112022,-500,1,true
842,110012202,-500,2,true
843,110012212,500,1,true
844,122020101,-500,2,true
845,122120101,500,1,true
846,112110022,-500,1,true
847,111020020,500,1,true
848,110002201,200,1,true
849,102102021,-175,2,true
850,112102021,90,1,true
851,112102221,-105,2,true
852,101002201,500,1,true
853,122000121,-475,2,true
854,122001121,-420,1,true
855,112120000,-500,1,true
856,112120020,-250,2,true
857,120021211,-500,1,true
858,121000201,500,1,true
859,121002201,-500,2,true
860,121102201,192,1,true
861,122010210,-500,2,true
862,122211210,-500,2,true
863,101022000,-494,2,true
864,101122000,500,1,true
865,101122200,-90,2,true
866,112021120,500,1,true
867,121122210,500,2,true
868,122001201,-200,2,true
869,122101201,30,1,true
870,112202211,-140,2,true
871,112212211,160,1,true
872,122100100,500,1,true
873,101012212,500,1,true
874,212120010,75,2,true
875,212121012,600,2,true
876,101102002,388,1,true
877,101102022,-125,2,true
878,111102022,420,1,true
879,210000012,-45,2,true
880,102101200,-20,1,true
881,102121200,600,2,true
882,120002211,-210,2,true
883,120012211,500,1,true
884,222110010,600,2,true
885,110222010,500,2,true
886,101202000,-500,2,true
887,121000021,-80,1,true
888,120202101,-150,2,true
889,121201021,270,1,true
890,121010020,500,1,true
891,102212100,-500,2,true
892,102212101,500,1,true
893,120002112,-500,2,true
894,122201101,500,1,true
895,102112021,500,1,true
896,220011012,-500,2,true
897,210011202,-500,2,true
898,212110012,500,1,true
899,121000020,-90,2,true
900,101202001,-40,1,true
901,101222001,600,2,true
902,121211200,500,1,true
903,202101010,-200,1,true
904,212100012,-25,2,true
905,101002012,500,1,true
906,101022012,-500,2,true
907,111022012,500,1,true
908,200011012,500,1,true
909,210011200,0,1,true
910,212110002,-250,2,true
911,212111002,500,1,true
912,121021000,-500,1,true
913,121221000,-500,2,true
914,121221100,-162,1,true
915,121020012,500,2,true
916,121120012,500,1,true
917,102102012,600,2,true
918,121001020,-200,1,true
919,121201020,-100,2,true
920,111202021,180,1,true
921,102012100,-500,1,true
922,121011220,-500,1,true
923,210001200,90,2,true
924,212011200,-25,2,true
925,212011210,60,1,true
926,220101012,-50,2,true
927,122101210,-120,1,true
928,122000011,480,1,true
929,122200011,-500,2,true
930,122201011,500,1,true
931,120212011,500,1,true
932,120020100,-485,2,true
933,120021100,-500,1,true
934,101222010,600,2,true
935,112012201,500,1,true
936,120002100,-150,2,true
937,120102100,120,1,true
938,212112000,-500,2,true
939,122001021,-50,2,true
940,122011021,500,1,true
941,102101022,-125,2,true
942,122101102,90,1,true
943,121112020,500,1,true
944,102122010,-500,2,true
945,122120011,-480,1,true
946,111002020,500,1,true
947,111020200,500,1,true
948,111212200,500,1,true
949,112021200,600,2,true
950,112221000,500,2,true
951,212001210,0,2,true
952,212101210,-60,1,true
953,110002210,20,1,true
954,110022211,-500,1,true
955,120112102,500,1,true
956,121112122,500,1,true
957,102000021,-90,2,true
958,121012201,500,1,true
959,120001201,180,1,true
960,120021201,-25,2,true
961,101102020,100,1,true
962,101122020,-250,2,true
963,120221101,-120,1,true
964,101002210,256,1,true
965,101002212,-160,2,true
966,112001122,348,1,true
967,112021122,-500,2,true
968,120000201,-258,2,true
969,112200001,40,1,true
970,122100201,0,2,true
971,122110201,500,1,true
972,100121002,-500,1,true
973,120121002,-20,2,true
974,121121002,-500,1,true
975,121121022,600,2,true
976,112120200,600,2,true
977,121021200,-500,2,true
978,121022001,250,2,true
979,121122001,-500,1,true
980,121122021,600,2,true
981,202211010,-500,2,true
982,120121012,500,1,true
983,121102200,-5,2,true
984,121102210,30,1,true
985,121002112,90,1,true
986,121202112,-175,2,true
987,200111002,260,1,true
988,120002011,328,1,true
989,122002011,-425,2,true
990,122002111,500,1,true
991,110102022,0,2,true
992,120002121,-200,2,true
993,120012121,500,1,true
994,121020000,515,2,true
995,101022001,-500,1,true
996,101022021,0,2,true
997,111022021,500,1,true
998,112212120,-245,2,true
999,112212121,500,1,true
1000,112020100,16,1,true
1001,112020112,-500,1,true
1002,111002002,500,1,true
1003,101022210,-500,2,true
1004,111022210,500,1,true
1005,122010121,500,1,true
1006,101202012,-375,2,true
1007,101020012,500,1,true
1008,102021102,-500,2,true
1009,102121102,500,1,true
1010,102001201,-120,1,true
1011,122000211,-125,2,true
1012,112102020,-225,2,true
1013,112102120,270,1,true
1014,122102011,500,1,true
1015,122102211,-500,2,true
1016,102002211,-125,2,true
1017,112001221,0,1,true
1018,112020210,300,2,true
1019,212101000,24,1,true
1020,212121000,255,2,true
1021,112021012,-500,1,true
1022,120121102,500,1,true
1023,120101202,50,2,true
1024,112220010,360,2,true
1025,122012011,500,1,true
1026,121110202,-500,1,true
1027,102000201,-420,2,true
1028,112000201,0,1,true
1029,112020201,600,2,true
1030,110202001,0,1,true
1031,122100021,-75,2,true
1032,100212001,500,1,true
1033,121010122,500,1,true
1034,102001212,-50,2,true
1035,120011122,500,1,true
1036,122020011,-500,2,true
1037,122020111,500,1,true
1038,112002201,-125,2,true
1039,121012200,-495,2,true
1040,120021021,550,2,true
1041,101102202,-260,2,true
1042,111102202,500,1,true
1043,121102000,124,1,true
1044,121102020,-100,2,true
1045,120002001,-231,2,true
1046,120102001,32,1,true
1047,120102201,-90,2,true
1048,112201021,84,1,true
1049,210102012,50,2,true
1050,110212012,500,1,true
1051,110212102,-180,1,true
1052,210121002,250,2,true
1053,101021202,-490,2,true
1054,121002210,-65,2,true
1055,121002211,162,1,true
1056,111221020,500,1,true
1057,110022112,-500,1,true
1058,101122002,-500,2,true
1059,102122101,500,1,true
1060,121022011,-390,1,true
1061,120000021,15,2,true
1062,111122200,500,1,true
1063,121002021,-50,2,true
1064,121002121,30,1,true
1065,121202121,-105,2,true
1066,121212121,120,1,true
1067,122001120,-250,2,true
1068,122101120,150,1,true
1069,101012122,500,1,true
1070,110022201,-25,2,true
1071,101221002,-485,2,true
1072,121020211,500,1,true
1073,121010200,-136,1,true
1074,122210100,-420,2,true
1075,102200001,-210,2,true
1076,102022101,-500,2,true
1077,112022101,-420,1,true
1078,102112201,500,1,true
1079,101122201,500,1,true
1080,102221011,-500,1,true
1081,121020010,492,1,true
1082,112022010,600,2,true
1083,112010212,500,1,true
1084,112100020,20,1,true
1085,112100022,0,2,true
1086,102201012,25,2,true
1087,120001210,60,1,true
1088,120021210,500,2,true
1089,101202010,-80,1,true
1090,121202010,-50,2,true
1091,121202110,0,1,true
1092,120102012,-415,2,true
1093,120121020,600,2,true
1094,120122001,-360,2,true
1095,110122200,-400,2,true
1096,121000212,70,2,true
1097,122000001,-500,2,true
1098,122100001,100,1,true
1099,122102001,-200,2,true
1100,121022101,-90,1,true
1101,121022121,350,2,true
1102,112221100,500,1,true
1103,102002112,600,2,true
1104,111201022,500,1,true
1105,112002001,80,1,true
1106,112002021,-100,2,true
1107,120102021,-175,2,true
1108,121102021,0,1,true
1109,112202121,-35,2,true
1110,101212102,120,1,true
1111,112221001,-500,1,true
1112,121102012,84,1,true
1113,111021022,500,1,true
1114,120210001,160,1,true
1115,121120201,-336,1,true
1116,100002021,-30,2,true
1117,110002021,260,1,true
1118,100122001,452,1,true
1119,110222001,600,2,true
1120,112202011,-90,1,true
1121,121212001,500,1,true
1122,101122021,-500,1,true
1123,111221200,500,1,true
1124,112202001,-100,2,true
1125,121012120,360,1,true
1126,112220101,-60,1,true
1127,120002101,300,1,true
1128,220011210,-50,2,true
1129,120201001,500,1,true
1130,112010122,-500,1,true
1131,110122201,-500,1,true
1132,121122010,500,1,true
1133,102202101,-500,2,true
1134,120211102,114,1,true
1135,120201012,45,2,true
1136,120001212,-10,2,true
1137,212001012,0,2,true
1138,212201010,-150,2,true
1139,121122000,5,2,true
1140,112210102,-500,1,true
1141,212102010,-25,2,true
1142,121220101,-60,1,true
1143,121001122,0,1,true
1144,112220001,385,2,true
1145,120101022,0,2,true
1146,112000212,-100,2,true
1147,121120020,600,2,true
1148,122211120,-500,2,true
1149,102021121,-500,1,true
1150,101022121,-180,1,true
1151,202011210,25,2,true
1152,122201121,-35,2,true
1153,121020112,500,1,true
1154,202110000,-15,2,true
1155,112220100,5,2,true
1156,120221100,5,2,true
